自动ID,场景ID,场景,对话阶段,阶段顺序,人物,内容类型,话题,NPC台词,玩家可选台词,出现条件,选择结果,下一话题,动作/表情备注,设计备注,对话动机,画面表现,玩家因此知道什么,状态写入（不显示）,是否说出口,演出/交互方式
P0001,PRELUDE_HOME,《雾港日报》编辑部·上午,前序·退稿与派活,1,编辑,NPC台词,撤稿、派活、职业失意与同馆前辈之死,编辑：「春和今晚的采访，你去。赵老死后，这条线一直没人接。」\n沈砚舟：「他死前还在跑春和？」,,始终,,前序·春和旧线,,DEC-20260908-34：压缩往复问答，先显示退稿和派活；死亡地点只在下一阶段听到后写入。,,编辑部：电话、打字机、排字房铅字声。画面不显示稿纸说明旁白；桌面直接显示被退回的六号码头稿件：稿纸层叠、红笔删改密集、强结论段落被整段划掉，并有醒目的‘撤’标记。版样被抽走后，采访单与抽屉钥匙压在退稿上。\n版面编辑抽走六号码头稿的版样。编辑把春和采访单压在红笔退稿上。,六号码头稿位被撤；编辑把赵敬文死后无人接的春和采访交给沈砚舟。,player_knowledge += 沈砚舟是记者; player_knowledge += 赵敬文是本埠知名记者; player_knowledge += 春和二十年忌采访归沈砚舟,是,连续剧情；主控发言按钮；场景动作背景UI；退稿稿件UI
P0001B,PRELUDE_HOME,《雾港日报》编辑部·上午,前序·春和旧线,1,编辑,NPC台词,撤稿、派活、职业失意与同馆前辈之死,编辑：「跑了二十年。人也是在那儿没的。」\n沈砚舟：「材料给我看看。这趟跑完，明天还让我接着跑吗？」,,始终,,前序·领取材料,,DEC-20260923-DEMO-CAREER-ARC：保留“他死前还在跑春和？”的死亡钩子；将职业不安并入同一次取材料回应。沈砚舟此刻只争取继续跑春和，不预知这条线会成为大新闻；不出现头版、版面、几栏等价值预告，不增加点击。,,,据编辑所说，赵敬文跑春和二十年，人死在春和附近。,,是,连续剧情；主控发言按钮；场景动作背景UI；退稿稿件UI
P0001C,PRELUDE_HOME,《雾港日报》编辑部·上午,前序·领取材料,1,编辑,NPC台词,撤稿、派活、职业失意与同馆前辈之死,编辑：「在他桌上。十一点半截稿。明天的事，等稿子回来再说。」,,始终,,前序·自由探索,,编辑只给出材料位置与十一点半截稿，不承诺明天的稿位；“明天还让我接着跑”只指春和选题与下一篇稿位，不暗示停职或失去记者身份。,,编辑把抽屉钥匙推过来。,赵敬文的工作桌留有采访材料；末版十一点半截稿。,player_context.current_task=clear_shen_desk,是,连续剧情；主控发言按钮；场景动作背景UI；退稿稿件UI
P0003,PRELUDE_HOME,《雾港日报》·赵敬文工作桌,前序·清桌开始,1,系统,纯画面,清桌任务,,,始终,,前序·自由探索,进入清桌。,家属已带走私人物件，留下报馆材料。当前任务：找到今晚采访所需的原件。,让玩家主动发现材料。,靠窗空椅、桌牌仍在。旧报、采访函留底、工作夹、草图、写满日期的采访本。画面提示：原件 / 速记 两个书签。,赵敬文的工作桌尚未清完；桌上是报馆材料。,player_knowledge += 赵敬文工作桌尚未清完,否,物件查看层；玩家点击“返回房间”关闭
P0012,PRELUDE_HOME,《雾港日报》·赵敬文工作桌,前序·自由探索,1,系统,场景探索,清桌自由探索,,,始终,,前序·自由探索选项,正式界面只显示桌面热点，不显示 RPG 菜单。必查原件：演出安排、旧报、采访函、死亡报道、草图。未点击不写入知识。,四个现行工作桌热点全部完成后才开放离开。,桌面热点探索。,赵敬文工作桌俯瞰。工作夹、旧报、采访函留底、死亡报道与草图为热点。,,,否,场景探索 UI；热点可任意顺序点击；已查看热点隐藏
P0003A,PRELUDE_HOME,《雾港日报》·赵敬文工作桌,前序·自由探索选项,1,沈砚舟,探索热点,演出安排,,「春和」工作夹,尚未查看“春和工作夹”,记录“已查看春和工作夹”,前序·春和工作夹,必查原件之一。点击后查看今晚演出安排。,必查原件之一。可选情感热点已删除。,取得今晚采访所需的演出安排与采访凭条。,,,choices += C_CHECK_SHOW_FOLDER; show_folder_checked=true,否,场景热点；点击后打开物件查看层
P0015,PRELUDE_HOME,《雾港日报》·赵敬文工作桌,前序·春和工作夹,9,系统,线索查看,春和工作夹,春和戏院\n二十年忌\n\n冬月初七晚八时开锣\n纪念白素秋逝世二十周年\n林怀安领衔《夜渡》,,始终,,前序·自由探索,工作夹内是今晚演出安排与报馆采访席凭条。,按 v6 S01 展示工作夹原件；不承担额外方法说明。,让玩家获得今晚采访的明确时间、纪念缘由与演出信息。,“春和”工作夹摊开；演出安排与采访席凭条并列，右上角标记【原件】。,今晚八时春和戏院举行白素秋逝世二十周年纪念演出，由林怀安领衔《夜渡》。,player_knowledge += 今晚八时春和戏院举行白素秋逝世二十周年纪念演出，由林怀安领衔夜渡,否,物件查看层；玩家点击“返回房间”关闭
P0004,PRELUDE_HOME,《雾港日报》·赵敬文工作桌,前序·自由探索选项,1,沈砚舟,探索热点,调查原件,,二十年前的旧报,尚未查看“画满铅笔圈的旧报”,记录“已查看画满铅笔圈的旧报”,前序·旧报发现,,把「白素秋可能有关」留给玩家自己连接。铅笔线旁可隐示「谁说的？」但不点破。,主动查看赵敬文特别标记的旧稿。,,,choices += C_CHECK_MARKED_OLD_REPORT; old_report_checked=true,否,场景热点；点击后打开物件查看层
P0004A,PRELUDE_HOME,《雾港日报》·赵敬文工作桌,前序·旧报发现,1,系统,线索查看,白素秋旧报,,,始终,,前序·自由探索,,旧报只给可观察事实。铅笔新线在「照常经侧台退场」下。,让玩家自己连接地点、署名与铅笔线。,旧报标题：春和名伶白素秋台后失足身亡；署名：赵敬文。「照常经侧台退场」下有一道很新的铅笔线。收入【原件】。,二十年前白素秋在春和演毕《夜渡》后经侧台退场，报道称失足身亡；赵敬文是署名记者；近有人用铅笔重标过这句话。,player_knowledge += 白素秋二十年前在春和失足身亡报道署名为赵敬文; player_questions += Q_WHY_SHEN_REOPENED_OLD_REPORT,否,物件查看层；玩家点击“返回房间”关闭
P0005,PRELUDE_HOME,《雾港日报》·赵敬文工作桌,前序·自由探索选项,1,沈砚舟,探索热点,调查原件,,寄给林怀安的采访函留底,尚未查看“赵敬文采访函留底”,记录“已查看赵敬文采访函留底”,前序·函件正文,,发函日期在赵敬文死亡前。点击后直接显示采访函原文；未主动寻找前，不写入“未见回函”。,读取赵敬文死前寄出的采访函留底。,函件封面与报馆发函日期；点击后直接打开正文。,,choices += C_READ_LAST_LETTER; letter_read=true,否,场景热点；点击后直接打开信件查看层
P0008,PRELUDE_HOME,《雾港日报》·赵敬文工作桌,前序·函件正文,1,赵敬文,线索查看,采访函,林班主台鉴：\n\n民国六年冬，白素秋女士身故一事，我当年曾据采访写过报道。\n\n近日重阅旧稿，其中一处说法想再向您核实。\n\n若方便，盼得一晤。\n\n赵敬文,,始终,,,,对象具体（哪一篇），状态含糊（不写悔恨/精神）。收入【原件】。作者层：他其实没查到新证据，序章不解释。,建立「想再核实」但不包装成二十年正义追查。,函件特写；右上角报馆发函日期在赵敬文死前。收入【原件】。,赵敬文死前想向林怀安核实二十年前白素秋报道里的一处说法。,player_knowledge += 赵敬文死前想向林怀安核实旧稿一处说法; player_questions += Q_WHAT_STATEMENT_WAS_WRONG,否,信件查看层；正文停留并显示表格动作按钮
P0007,PRELUDE_HOME,《雾港日报》·赵敬文工作桌,前序·函件正文,1,沈砚舟,玩家单一点击,调查动作,,寻找回信,始终,记录“已寻找林怀安回函”,前序·寻找回信结果,翻动留底旁的纸页与档案袋。,必须由玩家主动点击；动画结果只确认当前档案范围内未找到回函。,让玩家主动确认当前档案范围。,信页下方的动作按钮消失；桌面与档案袋进入翻找状态。,,reply_search_started=true,否,回函搜寻动画；动画完成后进入结果阶段
P0006,PRELUDE_HOME,《雾港日报》·赵敬文工作桌,前序·寻找回信结果,1,系统,线索查看,寻找回信,没找到,,始终,,前序·自由探索,,只能确认玩家在报馆采访函留底旁没有找到回函，不能写成“林怀安没回”。,确认当前搜寻结果，不推断回信是否存在。,,赵敬文死前寄过采访函给林怀安；报馆采访函留底旁未见林怀安回函。,player_knowledge += 报馆采访函留底旁未见林怀安回函,否,回函搜寻结果；物件查看层；玩家点击“返回房间”关闭
P0008A,PRELUDE_HOME,《雾港日报》·赵敬文工作桌,前序·自由探索选项,1,沈砚舟,探索热点,死亡报道与草图,,赵敬文死亡报道 / 旧戏院草图,尚未查看“记者证与采访本”,记录“已查看记者证与采访本”,前序·死亡报道与草图,,死亡报道与草图可并作一批点击；死亡报道给出失足落水结案口径。,核对死亡报道与空间草图。,,,choices += C_CHECK_DEATH_REPORT_MAP; death_report_checked=true,否,场景热点；点击后打开物件查看层
P0008B,PRELUDE_HOME,《雾港日报》·赵敬文工作桌,前序·死亡报道与草图,1,系统,线索查看,赵敬文之死与春和空间,,,始终,,前序·自由探索,,结案口径：失足落水身亡、无明显外伤、近来反复翻阅旧稿。草图圈「侧台—铁梯」「散场？」,,死亡报道：尸体于春和后巷石埠附近水面发现；警方认定为失足落水身亡。草图收入【原件】。,赵敬文死在春和后巷石埠附近，警方认定为失足落水身亡；他死前在重翻旧稿；春和草图标出侧台与天桥铁梯。,player_knowledge += 赵敬文死在春和后巷石埠附近且警方认定为失足落水身亡; player_knowledge += 春和草图标出侧台与天桥铁梯,否,物件查看层；玩家点击“返回房间”关闭
P0013,PRELUDE_HOME,《雾港日报》·赵敬文工作桌,前序·自由探索选项,9,沈砚舟,场景行动,离开报馆,,去春和戏院,已查看“春和工作夹” and 已查看“画满铅笔圈的旧报” and 已查看“赵敬文采访函留底” and 已查看“记者证与采访本”,记录“已完成序章案件线索检查”,前序·准备出发,,DEC34：四项检查后直接进入函件准备，不由主控自动串联材料。,必查原件齐后出发。,,,,否,案件线索完成自动推进；4/4 后不显示场景行动按钮；直接进入下一段
P0008C,PRELUDE_HOME,《雾港日报》·赵敬文工作桌,前序·准备出发,1,编辑,NPC台词,函件准备,编辑：「原件出了门就不是报馆的了。」,,始终,,,,DEC-20260922-CH1-PLAYABILITY：代价预告由编辑说，不是设计备注。,,编辑从门口探进头,,,是,连续剧情逐句点击；主控发言按钮；末句显示三个函件选项
P0009,PRELUDE_HOME,《雾港日报》·赵敬文工作桌,前序·准备出发,1,沈砚舟,玩家选项,函件准备,,带上采访函留底,letter_read=true,letter_preparation=original_carried,前序·出发,,编辑可暗示：原件出了门就不是报馆的了。高证明力、低控制权——若留给林怀安，命案后进警方证物。,原件证明力最高，控制权最低。,沈砚舟将采访函留底原件放入公文袋。,采访函留底原件由沈砚舟随身携带。,letter_preparation=original_carried; evidence.letter_original.holder=player; evidence.letter_copy.exists=false,否,玩家点击
P0010,PRELUDE_HOME,《雾港日报》·赵敬文工作桌,前序·准备出发,1,沈砚舟,玩家选项,函件准备,,抄下函件正文,letter_read=true,letter_preparation=copied,前序·出发,,现场只能出示抄录；警方后来未必拿到纸面原件。,兼顾安全与当晚可出示。,沈砚舟把正文逐字抄进采访本，原件留在报馆档案袋。,采访函留底原件留在报馆；沈砚舟随身有一份抄录。,letter_preparation=copied; evidence.letter_original.holder=newsroom; evidence.letter_copy.exists=true; evidence.letter_copy.holder=player,否,玩家点击
P0010B,PRELUDE_HOME,《雾港日报》·赵敬文工作桌,前序·准备出发,1,沈砚舟,玩家选项,函件准备,,原件先不动，只记住要点,letter_read=true,letter_preparation=left_home,前序·出发,,最隐蔽；当晚只能靠口述。可与抄录路线部分汇流，但证据链更弱。,最隐蔽，证据链最弱。,原件留在报馆；沈砚舟现场没有任何纸面函件。,原件安全在报馆；沈砚舟现场没有任何书面信件。,letter_preparation=left_home; evidence.letter_original.holder=newsroom; evidence.letter_copy.exists=false,否,玩家点击
P0011,PRELUDE_HOME,《雾港日报》编辑部·傍晚,前序·出发,1,系统,纯画面,出发,,,始终,,第一章·报馆换人了,切到春和。,三条函件路线汇流春和；差异留给林怀安会面与警方。编辑用笔杆敲墙上的末版时间：十一点半。,汇流春和。,墙钟指向傍晚；吊扇切到春和门前戏幡。,,,否,自动2—3秒
C01_001,C01_THEATRE_FRONT,春和戏院·门前,第一章·报馆换人了,1,场务,NPC台词,报馆换人,场务：「报馆换人了？」\n沈砚舟：「嗯。」\n场务：「方先生，报馆的人到了。」,,始终,,第一章·方仲山,沈砚舟出示采访席凭条；登记簿旧名被划去。,严格对应 v6 C01；动作由场景背景 UI 表现。,,春和门前、戏牌、入场看客、景片、登记簿与采访凭条。\n春和门前并不阴森。看客排队入场，伙计从侧门抬进景片，白纸花与红灯笼挂在一起。\n场务在登记簿上划掉“赵敬文”，写上“沈砚舟”。\n场务朝前场喊,原定采访人是赵敬文，报馆临时换成沈砚舟。,chapter1_started=true,是,连续剧情逐句点击；主控发言按钮；场景动作背景UI
C02_001,C02_FRONT_OF_HOUSE,春和戏院·前场,第一章·方仲山,1,方仲山,NPC台词,方仲山派活,方仲山：「原来不是赵老。」\n沈砚舟：「我接他的采访。」\n方仲山：「林班主还在备戏。」\n方仲山：「阿成，带沈记者去侧座。开锣前让他见班主一面。」\n阿成：「跟我走。」,,始终,,第一章·阿成带路,,严格对应 v6 C02；不把方仲山写成明显反派。,,座单、钥匙、前场人流和被扶正的木景片由背景 UI 表现。\n方仲山正在核座单。他顺手和年轻人扶正一块歪下来的木景片，再继续对账。\n方仲山看见凭条上被划去的名字,方仲山负责前场事务并安排阿成带路。,,是,连续剧情逐句点击；主控发言按钮；场景动作背景UI
C03_001,C03_PASSAGE,春和戏院·后台通道,第一章·阿成带路,1,阿成,NPC台词,挡路,阿成：「贴右走。」,,始终,,,,DEC-20260922-DIALOGUE-IRON-RULE：只拦，不解释景路。,,一名伙计抱着景片从左侧冲出来。阿成把沈砚舟拉到右边。,,,是,连续剧情逐句点击；主控发言按钮；末句显示两个回答
C03_010,C03_PASSAGE,春和戏院·后台通道,第一章·阿成带路,2,沈砚舟,玩家选项,左边,,左边怎么了？,始终,c03_left=asked,第一章·阿成带路·景路,,,,,,c03_left=asked,是,连续剧情逐句点击；主控发言按钮
C03_011,C03_PASSAGE,春和戏院·后台通道,第一章·阿成带路,2,沈砚舟,玩家选项,左边,,走。,始终,c03_left=ignored,第一章·阿成带路·帘口,,,,,,c03_left=ignored,否,玩家点击
C03_012,C03_PASSAGE,春和戏院·后台通道,第一章·阿成带路·帘口,1,系统,纯画面,帘口,,,始终,,,,,,侧台帘口不断有人进出。,,,否,背景UI无对话框；末帧显示两个回答
C03_020,C03_PASSAGE,春和戏院·后台通道,第一章·阿成带路·景路,1,阿成,NPC台词,左边,阿成：「景路。别站。」,,始终,,第一章·阿成带路·帘口,,,,,左边是运景的路，不能站。,,是,连续剧情逐句点击；主控发言按钮
C03_021,C03_PASSAGE,春和戏院·后台通道,第一章·阿成带路·帘口,2,沈砚舟,玩家选项,帘口,,掀开看看。,始终,c03_curtain=lift,第一章·阿成带路·别掀,,,,,,c03_curtain=lift,否,玩家点击
C03_022,C03_PASSAGE,春和戏院·后台通道,第一章·阿成带路·帘口,2,沈砚舟,玩家选项,帘口,,跟着走。,始终,c03_curtain=ignored,第一章·阿成带路·铁梯,,,,,,c03_curtain=ignored,否,玩家点击
C03_040,C03_PASSAGE,春和戏院·后台通道,第一章·阿成带路·别掀,1,阿成,NPC台词,帘口,阿成：「别掀。」\n阿成：「里头的人顾不上看路。」,,始终,,第一章·阿成带路·铁梯,,,,沈砚舟伸手时，阿成按住帘角。,开锣前侧台帘口也不能掀，里头的人顾不上看路。,,是,连续剧情逐句点击；主控发言按钮
C03_050,C03_PASSAGE,春和戏院·后台通道,第一章·阿成带路·铁梯,1,系统,纯画面,铁梯,,,始终,,,,,,贴墙窄铁梯。木架之间垂着吊绳。,,,否,背景UI无对话框；末帧显示三个回答
C03_051,C03_PASSAGE,春和戏院·后台通道,第一章·阿成带路·铁梯,2,沈砚舟,玩家选项,铁梯,,上去。,始终,c03_ladder=climb,第一章·阿成带路·别上,,,,,,c03_ladder=climb,否,玩家点击
C03_052,C03_PASSAGE,春和戏院·后台通道,第一章·阿成带路·铁梯,2,沈砚舟,玩家选项,铁梯,,这上面是什么？,始终,c03_ladder=asked,第一章·阿成带路·问梯,,,,,,c03_ladder=asked,是,连续剧情逐句点击；主控发言按钮
C03_053,C03_PASSAGE,春和戏院·后台通道,第一章·阿成带路·铁梯,2,沈砚舟,玩家选项,铁梯,,走。,始终,c03_ladder=ignored,第一章·阿成带路·催灯,,,,,,c03_ladder=ignored,否,玩家点击
C03_060,C03_PASSAGE,春和戏院·后台通道,第一章·阿成带路·别上,1,阿成,NPC台词,铁梯,阿成：「别上。」\n阿成：「戏没散，外人不能上。」,,始终,,第一章·阿成带路·催灯,,,,阿成横在梯口。,戏没散，外人不能上天桥。,,是,连续剧情逐句点击；主控发言按钮
C03_061,C03_PASSAGE,春和戏院·后台通道,第一章·阿成带路·问梯,1,阿成,NPC台词,铁梯,阿成：「天桥。今晚不走。」,,始终,,第一章·阿成带路·催灯,,,,,这座铁梯通天桥，今晚不走。,,是,连续剧情逐句点击；主控发言按钮
C03_070,C03_PASSAGE,春和戏院·后台通道,第一章·阿成带路·催灯,1,陈九生,NPC台词,催灯,陈九生：「前场催灯了，你还磨蹭。」\n阿成：「爹，方先生让我先带报馆的过去。」\n陈九生：「站线外。」,,始终,,第一章·纪念演出采访,,命令，不解释景片。,,陈九生把提灯塞给阿成，看了沈砚舟一眼，又进了侧台。,阿成叫陈九生爹。,,是,连续剧情逐句点击；主控发言按钮
C04_001,C04_SIDE_HALL,春和戏院·侧厅外间,第一章·纪念演出采访,1,林玉棠,NPC台词,纪念演出采访,林玉棠：「许先生说你前一折就喘得厉害，今晚别拖谢幕。」\n林怀安：「戏还没开，你先替我把话说完了。」\n阿成：「林班主，报馆的。」\n林怀安：「问吧，二锣以前。」\n沈砚舟：「二十年忌，为什么还是《夜渡》？」\n林怀安：「她最压得住台的一出。」\n林怀安：「雾港记得白素秋，多半也是从这出戏记得。」\n沈砚舟：「二十年前的报道说，她也是唱完《夜渡》以后出的事。」\n林怀安：「你来写戏，还是来重写旧报？」\n沈砚舟：「赵敬文死前，想再向您核实一处说法。」,,始终,,第一章·纪念演出采访·函件,,C04 共同行为；随后按 S02 函件处理状态进入当场分支。,,侧厅外间、演出外褂、水杯与门外催场动线。\n林怀安在侧厅外间换演出外褂，玉棠替他理平领口。,,,是,连续剧情逐句点击；主控发言按钮；末句后继续当前条件分支
C04_010,C04_SIDE_HALL,春和戏院·侧厅外间,第一章·纪念演出采访·函件,2,林怀安,NPC台词,出示采访函原件,林怀安：「他寄来的那份，我收到了。」\n沈砚舟：「留底旁没找到您的回信。」,,letter_preparation=original_carried,,第一章·纪念演出采访·材料透露,,只确认林自称收函；主控陈述仅限已查找范围。,,采访函原件摊在桌面；催场声逼近。\n沈砚舟把函件放在桌上。林怀安看见发函日期，读了一遍。,林怀安承认收到过赵敬文寄来的那份函件。,lin_received_zhao_letter=true,是,条件分支；连续剧情逐句点击；主控发言按钮
C04_013,C04_SIDE_HALL,春和戏院·侧厅外间,第一章·纪念演出采访·材料透露,1,林怀安,NPC台词,出示采访函原件,林怀安：「他桌上还留了什么？」,,始终,,,,,,,,,是,连续剧情；主控发言按钮；场景动作背景UI
C04_014,C04_SIDE_HALL,春和戏院·侧厅外间,第一章·纪念演出采访·材料透露,1,沈砚舟,玩家选项,出示采访函原件,,一张旧报，一张戏院草图，还有这份留底。,始终,,第一章·纪念演出采访·告知材料,,,,,,lin_disclosure=materials,是,玩家点击实际台词
C04_015,C04_SIDE_HALL,春和戏院·侧厅外间,第一章·纪念演出采访·材料透露,1,沈砚舟,玩家选项,出示采访函原件,,先谈这封信。您回过吗？,始终,,第一章·纪念演出采访·只谈函件,,,,,,lin_disclosure=letter_only,是,玩家点击实际台词
C04_016,C04_SIDE_HALL,春和戏院·侧厅外间,第一章·纪念演出采访·告知材料,1,林怀安,NPC台词,出示采访函原件,林怀安：「旧报和图也带来。演完，在侧厅等我。」\n场务：「林班主，二锣！」,,始终,,第一章·纪念演出采访·原件处理,,,,门外场务,林怀安让沈砚舟散场后到侧厅，并要求带上旧报和草图。,,是,连续剧情；主控发言按钮；场景动作背景UI
C04_017,C04_SIDE_HALL,春和戏院·侧厅外间,第一章·纪念演出采访·只谈函件,1,林怀安,NPC台词,出示采访函原件,林怀安：「信的事，散场后再说。到侧厅等我。」\n场务：「林班主，二锣！」,,始终,,第一章·纪念演出采访·原件处理,,,,门外场务,林怀安把信的谈话推迟到散场后；他没有回答是否回过信。,,是,连续剧情；主控发言按钮；场景动作背景UI
C04_018,C04_SIDE_HALL,春和戏院·侧厅外间,第一章·纪念演出采访·原件处理,1,林怀安,纯画面,出示采访函原件,,,始终,,,,,,林怀安伸手拿起桌上的采访函留底；玩家决定是否暂时留给他。,,,否,连续剧情；主控发言按钮；场景动作背景UI
C04_011,C04_SIDE_HALL,春和戏院·侧厅外间,第一章·纪念演出采访·原件处理,1,沈砚舟,玩家选项,函件控制权,,把函件暂时留给林怀安,始终,evidence.letter_original.holder=lin,第一章·开锣前,林怀安把函件折起，收进内褂夹袋。,,,林怀安收起原件。,,,否,玩家点击
C04_012,C04_SIDE_HALL,春和戏院·侧厅外间,第一章·纪念演出采访·原件处理,1,沈砚舟,玩家选项,函件控制权,,让他看完后收回,始终,evidence.letter_original.holder=player,第一章·开锣前,沈砚舟把函件收回公文袋。,,,原件回到沈砚舟公文袋。,,,否,玩家点击
C04_020,C04_SIDE_HALL,春和戏院·侧厅外间,第一章·纪念演出采访·函件,2,林怀安,NPC台词,出示抄录,林怀安：「原件呢？」\n沈砚舟：「在报馆。」\n林怀安：「演完别走。把他桌上还有什么，一样一样说给我听。」,,letter_preparation=copied,,第一章·开锣前,,v6 C04 抄录路线；林怀安未取得纸面。,,抄页递出后退回沈砚舟。\n沈砚舟把抄下的正文递给林怀安。\n林怀安读完\n林怀安把抄页退回来,林怀安答应散场后查看赵敬文留下的材料。,evidence.letter_copy.holder=player,是,条件分支；连续剧情逐句点击；主控发言按钮
C04_030,C04_SIDE_HALL,春和戏院·侧厅外间,第一章·纪念演出采访·函件,2,沈砚舟,NPC台词,无纸面口述,沈砚舟：「原件在报馆。正文我记得。」\n林怀安：「演完别走。把信里写了什么，一样一样说给我听。」,,letter_preparation=left_home,,第一章·开锣前,,DEC-20260831-33：只口述，不递交原件或抄录。,,桌面没有任何函件纸张。\n沈砚舟没有拿出纸面。,林怀安答应散场后听沈砚舟口述函件内容。,letter_meeting_mode=oral_only,是,条件分支；连续剧情逐句点击；主控发言按钮；无纸面
C05_001,C05_PUBLIC_POSITIONS,春和戏院·公开区域,第一章·开锣前,1,阿成,NPC台词,选择两个位置查看,阿成：「这几处都能走。」\n阿成：「锣响以后，别横穿台口。」,,c05_intro!=true,,,地图开放四个公开位置；玩家先查看其中两个。,点击具体动作或位置才写入【速记】。,,位置图显示观众席侧边、前场、台侧外围、乐池外围。\n阿成把沈砚舟带到观众席侧边的采访座。,,c05_intro=true; c05_observation_count=0,是,末句显示四个位置；每选一处写入速记
C05_010,C05_PUBLIC_POSITIONS,春和戏院·公开区域,第一章·开锣前,2,沈砚舟,位置选择,开锣前观察,,观众席侧边,c05_observation_count<2 and c05.audience!=true,c05.audience=true; c05_observation_count +=1,第一章·开锣前·检查进度,玉棠把温水杯放在许济川旁边；两人谈到林怀安刚才胸闷。,写入速记：开锣前，玉棠告诉许济川：林怀安‘刚才又闷了一下’。,,玉棠把温水杯放在许济川旁边；两人谈到林怀安刚才胸闷。,开锣前，玉棠告诉许济川：林怀安‘刚才又闷了一下’。,notes += C05_audience,否,玩家点击位置；场景背景反馈
C05_011,C05_PUBLIC_POSITIONS,春和戏院·公开区域,第一章·开锣前,2,沈砚舟,位置选择,开锣前观察,,前场,c05_observation_count<2 and c05.front!=true,c05.front=true; c05_observation_count +=1,第一章·开锣前·检查进度,方仲山不翻账便答出旧木箱在后柜第三格；这里没有本章推理速记。,普通事实：不写入本章推理速记。,,方仲山不翻账便答出旧木箱在后柜第三格；这里没有本章推理速记。,,,否,玩家点击位置；场景背景反馈
C05_012,C05_PUBLIC_POSITIONS,春和戏院·公开区域,第一章·开锣前,2,沈砚舟,位置选择,开锣前观察,,台侧外围,c05_observation_count<2 and c05.side!=true,c05.side=true; c05_observation_count +=1,第一章·开锣前·检查进度,白线外可见舞台出口、侧厅与铁梯之间的距离。,写入速记：舞台出口—侧台通道—侧厅；铁梯在通道岔口旁。,,白线外可见舞台出口、侧厅与铁梯之间的距离。,舞台出口—侧台通道—侧厅；铁梯在通道岔口旁。,notes += C05_side,否,玩家点击位置；场景背景反馈
C05_013,C05_PUBLIC_POSITIONS,春和戏院·公开区域,第一章·开锣前,2,沈砚舟,位置选择,开锣前观察,,乐池外围,c05_observation_count<2 and c05.orchestra!=true,c05.orchestra=true; c05_observation_count +=1,第一章·开锣前·检查进度,阿成抱灯跑回，因玉棠经过而停步片刻。,写入速记：阿成送灯途中停步，看着玉棠离开后才继续走。,,阿成抱灯跑回，因玉棠经过而停步片刻。,阿成送灯途中停步，看着玉棠离开后才继续走。,notes += C05_orchestra,否,玩家点击位置；场景背景反馈
C05_020,C05_PUBLIC_POSITIONS,春和戏院·公开区域,第一章·开锣前·检查进度,1,系统,纯跳转,检查观察数量,,,c05_observation_count<2,,第一章·开锣前,,,,,,,否,无画面跳转
C05_021,C05_PUBLIC_POSITIONS,春和戏院·公开区域,第一章·开锣前·检查进度,2,系统,纯跳转,检查观察数量,,,c05_observation_count>=2,,第一章·演出中段,,,,,,,否,无画面跳转
C06_010,C06_PERFORMANCE_MIDDLE,春和戏院·《夜渡》演出中段,第一章·演出中段,1,沈砚舟,位置选择,演出中段观察,,观众席侧边,始终,c06_position=audience,第一章·谢幕前后,,该时段只留下这一处速记：中段：林怀安按住胸口，停了半拍，随后继续唱。,,中段：林怀安按住胸口，停了半拍，随后继续唱。,中段：林怀安按住胸口，停了半拍，随后继续唱。,notes += C06_audience,否,地图位置单选；选择后锁定
C06_011,C06_PERFORMANCE_MIDDLE,春和戏院·《夜渡》演出中段,第一章·演出中段,1,沈砚舟,位置选择,演出中段观察,,前场,始终,c06_position=front,第一章·谢幕前后,,该时段只留下这一处速记：中段后：方仲山离开前场账桌；桌上账簿未收。,,中段后：方仲山离开前场账桌；桌上账簿未收。,中段后：方仲山离开前场账桌；桌上账簿未收。,notes += C06_front,否,地图位置单选；选择后锁定
C06_012,C06_PERFORMANCE_MIDDLE,春和戏院·《夜渡》演出中段,第一章·演出中段,1,沈砚舟,位置选择,演出中段观察,,台侧外围,始终,c06_position=side,第一章·谢幕前后,中段：林怀安在一处停顿时看向侧台帘外，随后继续唱。陈九生主动问过玉棠去了哪里。,该时段只留下这一处速记：中段：陈九生主动问过玉棠去了哪里。,,中段：林怀安停顿时看向侧台帘外。陈九生问阿成：林小姐刚才去哪了。,中段：林怀安在一处停顿时看向侧台帘外，随后继续唱。陈九生主动问过玉棠去了哪里。,notes += C06_side,否,地图位置单选；选择后锁定
C06_013,C06_PERFORMANCE_MIDDLE,春和戏院·《夜渡》演出中段,第一章·演出中段,1,沈砚舟,位置选择,演出中段观察,,乐池外围,始终,c06_position=orchestra,第一章·谢幕前后,,该时段只留下这一处速记：中段：许济川听说林怀安气喘后，判断他仍能唱完。,,中段：许济川听说林怀安气喘后，判断他仍能唱完。,中段：许济川听说林怀安气喘后，判断他仍能唱完。,notes += C06_orchestra,否,地图位置单选；选择后锁定
C07_010,C07_CURTAIN_CALL,春和戏院·谢幕前后,第一章·谢幕前后,1,沈砚舟,位置选择,谢幕前后观察,,观众席侧边,始终,c07_position=audience,第一章·侧厅无人,,该时段只留下这一处速记：谢幕：林怀安自行下台，步子稳定。,,谢幕：林怀安自行下台，步子稳定。,谢幕：林怀安自行下台，步子稳定。,notes += C07_audience,否,地图位置单选；选择后锁定
C07_011,C07_CURTAIN_CALL,春和戏院·谢幕前后,第一章·谢幕前后,1,沈砚舟,位置选择,谢幕前后观察,,前场,始终,c07_position=front,第一章·侧厅无人,,该时段只留下这一处速记：谢幕：许济川在前场；方仲山不在账桌旁。,,谢幕：许济川在前场；方仲山不在账桌旁。,谢幕：许济川在前场；方仲山不在账桌旁。,notes += C07_front,否,地图位置单选；选择后锁定
C07_012,C07_CURTAIN_CALL,春和戏院·谢幕前后,第一章·谢幕前后,1,沈砚舟,位置选择,谢幕前后观察,,台侧外围,始终,c07_position=side,第一章·侧厅无人,,该时段只留下这一处速记：谢幕：林怀安沿侧台通道中央走向侧厅。稍后：铁梯方向有人移动，看不清身份。,,谢幕：林怀安沿侧台通道中央走向侧厅。稍后：铁梯方向有人移动，看不清身份。,谢幕：林怀安沿侧台通道中央走向侧厅。稍后：铁梯方向有人移动，看不清身份。,notes += C07_side,否,地图位置单选；选择后锁定
C07_013,C07_CURTAIN_CALL,春和戏院·谢幕前后,第一章·谢幕前后,1,沈砚舟,位置选择,谢幕前后观察,,乐池外围,始终,c07_position=orchestra,第一章·侧厅无人,,该时段只留下这一处速记：谢幕前后：陈九生离开原位一段时间，之后从侧台另一端回来。,,谢幕前后：陈九生离开原位一段时间，之后从侧台另一端回来。,谢幕前后：陈九生离开原位一段时间，之后从侧台另一端回来。,notes += C07_orchestra,否,地图位置单选；选择后锁定
C08_001,C08_EMPTY_HALL,春和戏院·侧厅与侧台通道,第一章·侧厅无人,1,场务,NPC台词,林怀安未赴约,场务：「林班主还没来？」\n沈砚舟：「没有。」\n林玉棠：「他不是往侧厅来了？」\n场务：「我看他从台侧下的。」,,始终,,,,严格对应 v6 C08；未补写尚未进入实际剧情树的新蒙镜布与景片高度异常。,,凉茶、空侧厅、通道与提灯动线由背景 UI 表现。\n谢幕结束。侧厅桌上是一只已经凉下来的茶杯，林怀安没有出现。\n玉棠转向侧台通道。阿成提灯跟过去。,林怀安谢幕后没有按约到侧厅。,lin_missing_after_curtain=true,是,连续剧情逐句点击；主控发言按钮；末句显示两个回答
C08_010,C08_EMPTY_HALL,春和戏院·侧厅与侧台通道,第一章·侧厅无人,2,沈砚舟,玩家选项,跟不跟,,跟进去。,始终,c08_arrival=follow,第一章·侧厅无人·跟进,,,,,,,否,玩家点击
C08_011,C08_EMPTY_HALL,春和戏院·侧厅与侧台通道,第一章·侧厅无人,2,沈砚舟,玩家选项,跟不跟,,在这儿等。,始终,c08_arrival=late,第一章·侧厅无人·留下,,,,,,,否,玩家点击
C08_020,C08_EMPTY_HALL,春和戏院·侧台通道,第一章·侧厅无人·跟进,1,林玉棠,NPC台词,发现,林玉棠：「爹！」,,始终,,第一章·第一眼,,,,灯影晃了一下。玉棠已经蹲下去。,沈砚舟跟进通道时，玉棠先发现林怀安倒下。,c08_arrival=follow,是,连续剧情逐句点击；主控发言按钮
C08_021,C08_EMPTY_HALL,春和戏院·侧厅,第一章·侧厅无人·留下,1,林玉棠,NPC台词,发现,林玉棠：「爹！」,,始终,,第一章·第一眼,,,,通道里先是脚步，然后是玉棠的一声。\n等沈砚舟赶到，人已经围了一圈。,沈砚舟留在侧厅，赶到时人已经围住林怀安。,c08_arrival=late,是,连续剧情逐句点击；主控发言按钮
C09_001,C09_FIRST_LOOK,春和戏院·侧台通道岔口,第一章·第一眼,1,系统,纯画面,一次性第一眼,,,始终,,,林怀安倒在靠墙岔口旁；玉棠跪在身边；阿成放下灯；许济川赶到检查。,玩家只能选择第一瞬间重点看哪里。,,侧台岔口、倒地位置、围拢人物与地上提灯。,,,否,背景UI无对话框；末帧显示三个第一眼选项
C09_010,C09_FIRST_LOOK,春和戏院·侧台通道岔口,第一章·第一眼,2,沈砚舟,一次性观察,第一眼,,看林怀安,c08_arrival!=late,first_observation=lin,第一章·药盒落地,,写入速记：许济川的手指在林怀安颈侧停了一瞬，随后拉回护领。,,许济川的手指在林怀安颈侧停了一瞬，随后拉回护领。,许济川的手指在林怀安颈侧停了一瞬，随后拉回护领。,notes += C09_lin,否,一次性观察；选择后锁定
C09_011,C09_FIRST_LOOK,春和戏院·侧台通道岔口,第一章·第一眼,2,沈砚舟,一次性观察,第一眼,,看倒下的位置,始终,first_observation=position,第一章·药盒落地,,写入速记：林怀安倒在侧台岔口靠墙处；若此前在台侧，则同时保留最后行走位置。,,林怀安倒在侧台岔口靠墙处；若此前在台侧，则同时保留最后行走位置。,林怀安倒在侧台岔口靠墙处；若此前在台侧，则同时保留最后行走位置。,notes += C09_position,否,一次性观察；选择后锁定
C09_012,C09_FIRST_LOOK,春和戏院·侧台通道岔口,第一章·第一眼,2,沈砚舟,一次性观察,第一眼,,看周围的人,始终,first_observation=people,第一章·药盒落地,,写入速记：阿成先看玉棠；陈九生随后从侧台另一端赶回。,,阿成先看玉棠；陈九生随后从侧台另一端赶回。,阿成先看玉棠；陈九生随后从侧台另一端赶回。,notes += C09_people,否,一次性观察；选择后锁定
C10_001,C10_MEDICINE_BOX,春和戏院·侧台通道,第一章·药盒落地,1,许济川,NPC台词,药盒冲突,许济川：「没了。」\n许济川：「先别动。」\n许济川：「放下。」\n林玉棠：「这是我爹的东西。」\n许济川：「药是我开的，也得等警察来看。」\n林玉棠：「药是你配的。你倒先问起我来了。」\n林玉棠：「你也别过来。」\n林玉棠：「你刚才到底给他看了什么？」\n沈砚舟：「赵敬文留下的采访函。」\n林玉棠：「他上台前还好好的。」\n林玉棠：「你们非要把二十年前的事翻出来——」\n阿成：「玉棠，先把药放下。」\n林玉棠：「你闭嘴。」\n陈九生：「放桌上。」\n陈九生：「现在谁把它带走，谁都说不清。」\n方仲山：「阿成，留在这儿。」\n方仲山：「老周，去街口警署。前门关半扇，今晚在后台的人都别走。」\n方仲山：「药放这儿。」,,始终,,第一章·一个版本先传出去了,玉棠最终把药盒丢到侧厅小桌。,严格对应 v6 C10；只写原始动作，不把玉棠动机升级为玩家知识。,,药盒落地、玉棠藏袖动作、小桌与众人站位由背景 UI 表现。\n许济川又试了片刻，终于停下。\n玉棠想扶林怀安，许济川挡开\n玉棠从林怀安外褂内侧摸出小药盒。看清的一瞬，她脸上的慌乱变了。药盒勾住衣料，掉在石板上。\n林玉棠转向沈砚舟,玉棠从林怀安衣内取出药盒，试图藏入袖中；她拒绝交给许济川，并称药由许济川配制。,notes += C10_MEDICINE_BOX,是,连续剧情逐句点击；主控发言按钮；场景动作背景UI
C11_001,C11_RUMOR,春和戏院·侧台与前场,第一章·一个版本先传出去了,1,场务,NPC台词,现场说法扩散,场务：「前头都在问，林班主是不是心口病又犯了。」\n许济川：「我没说是心疾。」\n方仲山：「就说身体不适，今晚不见客。先把人散开。」\n有人：「听说又是旧疾。」\n另一人：「不是，刚才有个记者拿旧事来问他。」\n林玉棠：「他就是见过这个记者以后才没来的侧厅。」\n林玉棠：「可你把东西给他看了。」,,始终,,,,C11 表现未经核验的说法先扩散；不把传言写入事实。,,前场散客、侧台小圈人群与墙上时钟。\n场务从前场挤进来\n通道外有人议论。,警察到场前，现场已出现心疾与记者翻旧事两种说法。,rumor_versions_spread=true,是,连续剧情逐句点击；主控发言按钮；末句显示三个回答
C11_010,C11_RUMOR,春和戏院·侧台与前场,第一章·一个版本先传出去了,2,沈砚舟,玩家选项,当众应对,,我给他看的是二十年前的旧报。是他约我散场后再谈。,始终,gu_initial=old_case,第一章·一个版本先传出去了·收场,,,,,,gu_initial=old_case,是,玩家点击
C11_011,C11_RUMOR,春和戏院·侧台与前场,第一章·一个版本先传出去了,2,沈砚舟,玩家选项,当众应对,,……,始终,gu_initial=illness,第一章·一个版本先传出去了·收场,,不作声。议论继续朝旧疾靠。,,,,gu_initial=illness,否,玩家点击
C11_012,C11_RUMOR,春和戏院·侧台与前场,第一章·一个版本先传出去了,2,沈砚舟,玩家选项,当众应对,,林小姐，您父亲今晚还见过谁？,始终,gu_initial=hostile,第一章·一个版本先传出去了·收场,,,,,,gu_initial=hostile,是,玩家点击
C11_020,C11_RUMOR,春和戏院·侧台与前场,第一章·一个版本先传出去了·收场,1,方仲山,NPC台词,收场,方仲山：「林小姐，先坐下。」\n方仲山：「谁看见什么，等警察来了各自说。现在别挤在这里。」,,始终,,第一章·警方到场前,,,,,,,是,连续剧情逐句点击；主控发言按钮
C12_010,C12_BEFORE_POLICE,春和戏院·警方到场前,第一章·警方到场前,1,沈砚舟,调查选择,警前调查,,留在药盒附近,始终,pre_police_check=drug,第一章·警方进场,,写入速记：等候警察时，玉棠曾要求阿成把桌上的药盒交给她；阿成没有照做。,,等候警察时，玉棠曾要求阿成把桌上的药盒交给她；阿成没有照做。,等候警察时，玉棠曾要求阿成把桌上的药盒交给她；阿成没有照做。,notes += C12_drug,否,三选一调查；选择后锁定
C12_011,C12_BEFORE_POLICE,春和戏院·警方到场前,第一章·警方到场前,1,沈砚舟,调查选择,警前调查,,沿林怀安来路走一遍,始终,pre_police_check=path,第一章·警方进场,,写入速记：舞台出口到侧厅的最短路线，不经过林怀安倒地的靠墙岔口。,,舞台出口到侧厅的最短路线，不经过林怀安倒地的靠墙岔口。,舞台出口到侧厅的最短路线，不经过林怀安倒地的靠墙岔口。,notes += C12_path,否,三选一调查；选择后锁定
C12_012,C12_BEFORE_POLICE,春和戏院·警方到场前,第一章·警方到场前,1,沈砚舟,调查选择,警前调查,,沿铁梯上天桥,始终,pre_police_check=bridge,第一章·天桥调查·向下看,,写入速记：沈砚舟沿铁梯上天桥。,,沈砚舟沿铁梯上天桥。,沈砚舟沿铁梯上天桥。,notes += C12_bridge,否,三选一调查；选择后锁定
C12_020,C12_BRIDGE,春和戏院·天桥,第一章·天桥调查·向下看,1,沈砚舟,玩家单一点击,天桥空间,,向下看,始终,bridge_view_down=true,第一章·天桥调查·整排吊绳,,速记：天桥铁梯下到底，只需几步便到林怀安倒地附近。,,从木架边缘俯看侧台通道。,天桥铁梯下到底，只需几步便到林怀安倒地附近。,notes += C12_BRIDGE_VIEW,否,场景热点
C12_021,C12_BRIDGE,春和戏院·天桥,第一章·天桥调查·整排吊绳,1,沈砚舟,玩家单一点击,绳排,,查看整排吊绳,始终,bridge_rope_row_seen=true,第一章·天桥调查·异常吊绳,,大部分绳尾高度相近，其中一根明显收得更高。,,整排吊绳与一根高收绳的对比。,,,否,场景热点
C12_022,C12_BRIDGE,春和戏院·天桥,第一章·天桥调查·异常吊绳,1,沈砚舟,玩家单一点击,异常吊绳,,查看收得较高的吊绳,始终,rope_anomaly_noted=true,第一章·警方进场,后台伙计在楼下看见沈砚舟上过天桥。,只记客观现象。,,绳尾比两侧短半尺；横杆多绕一道；边缘有浅色新麻毛。,一根吊绳尾端比两侧短半尺；横杆多绕一道，并有浅色新麻毛。,notes += C12_ROPE_ANOMALY; witness_saw_shen_on_bridge=true,否,场景热点；完成后下楼
C13_001,C13_POLICE_ARRIVAL,春和戏院·侧台,第一章·警方进场,1,顾承钧,NPC台词,警方控制现场,顾承钧：「谁报的案？」\n顾承钧：「外头说是心口病。谁碰过死者？谁把药拿出来的？」\n林玉棠：「我找到的。」\n许济川：「她拿出来以后想收走。」\n林玉棠：「我是想救我爹！」\n顾承钧：「一个一个说。」,,gu_initial!=old_case and gu_initial!=hostile,,第一章·沈砚舟的笔录,警员画下尸体与通道位置、封存药盒、分别带开第一批到场者。,严格对应 v6 C13；顾承钧先做程序控制，不写成全知侦探。,,位置草图、证物袋和分开站位由背景 UI 表现。\n顾承钧带两名警员进入侧台。,警方封存药盒并开始分别记录第一批到场者口供。,police_arrived=true; evidence.medicine_box.holder=police,是,连续剧情逐句点击；主控发言按钮；场景动作背景UI
C13_002,C13_POLICE_ARRIVAL,春和戏院·侧台,第一章·警方进场,1,顾承钧,NPC台词,警方控制现场,顾承钧：「听说你拿旧事去问林班主。谁报的案？」\n顾承钧：「谁碰过死者？谁把药拿出来的？」\n林玉棠：「我找到的。」\n许济川：「她拿出来以后想收走。」\n林玉棠：「我是想救我爹！」\n顾承钧：「一个一个说。」,,gu_initial=old_case,,第一章·沈砚舟的笔录,,,,顾承钧带两名警员进入侧台。,,police_arrived=true; evidence.medicine_box.holder=police,是,连续剧情逐句点击；主控发言按钮；场景动作背景UI
C13_003,C13_POLICE_ARRIVAL,春和戏院·侧台,第一章·警方进场,1,顾承钧,NPC台词,警方控制现场,顾承钧：「刚才当场反问林小姐的，是你？」\n顾承钧：「谁碰过死者？谁把药拿出来的？」\n林玉棠：「我找到的。」\n许济川：「她拿出来以后想收走。」\n林玉棠：「我是想救我爹！」\n顾承钧：「一个一个说。」,,gu_initial=hostile,,第一章·沈砚舟的笔录,,,,顾承钧带两名警员进入侧台。,,police_arrived=true; evidence.medicine_box.holder=police,是,连续剧情逐句点击；主控发言按钮；场景动作背景UI
C14_001,C14_STATEMENT,春和戏院·侧厅笔录桌,第一章·沈砚舟的笔录,1,顾承钧,NPC台词,笔录开始,顾承钧：「姓名，报馆，今晚为什么来。」\n沈砚舟：「沈砚舟，《雾港日报》。受报馆委派，采访白素秋二十年忌演出。」\n顾承钧：「有人说林怀安出事前，刚看过你带来的东西。」\n顾承钧：「什么东西？」,,始终,,,,C14 共同行为；随后按纸面实际位置分支。,,侧厅笔录桌、纸张与警员。\n顾承钧在侧厅坐下，警员铺开笔录纸。,,,是,连续剧情逐句点击；主控发言按钮；条件分支
C14_010,C14_STATEMENT,春和戏院·侧厅笔录桌,第一章·沈砚舟的笔录,2,顾承钧,NPC台词,函件在林怀安身上,顾承钧：「这份是你带来的？」\n沈砚舟：「是。赵敬文死前寄过采访函，报馆留了底。」\n顾承钧：「林怀安看完说了什么？」\n沈砚舟：「让我散场后到侧厅等他。」,,evidence.letter_original.holder=lin,,第一章·沈砚舟的笔录·共同问题,顾承钧将函件列入证物。,,,函件进入证物封套。\n警员从林怀安内褂夹袋中找到采访函留底。,,evidence.letter_original.holder=police; police_record.letter_mode=original_seized,是,条件分支；连续剧情逐句点击；主控发言按钮
C14_020,C14_STATEMENT,春和戏院·侧厅笔录桌,第一章·沈砚舟的笔录,2,顾承钧,NPC台词,函件仍由沈砚舟持有,,,letter_preparation=original_carried and evidence.letter_original.holder=player,,,,v6 C14 原件仍在沈砚舟手中时出现两个处理选择。,,原件在沈砚舟手边，证物封套与笔录纸在顾承钧一侧。\n沈砚舟从公文袋中拿出采访函留底。顾承钧等他决定如何登记。,,,否,场景动作背景UI；末帧显示两个函件处理选项
C14_021,C14_STATEMENT,春和戏院·侧厅笔录桌,第一章·沈砚舟的笔录,3,沈砚舟,玩家选项,警方函件登记,,交出采访函留底,letter_preparation=original_carried and evidence.letter_original.holder=player,evidence.letter_original.holder=police; police_record.letter_mode=original_delivered,第一章·沈砚舟的笔录·共同问题,顾承钧读完，将函件装入证物封套并开出收条。,,,函件与收条同屏。,,,否,玩家点击
C14_022,C14_STATEMENT,春和戏院·侧厅笔录桌,第一章·沈砚舟的笔录,3,沈砚舟,玩家选项,警方函件登记,,逐字说明函件内容，保留原件,letter_preparation=original_carried and evidence.letter_original.holder=player,police_record.letter_mode=oral_with_original_held,第一章·沈砚舟的笔录·共同问题,警员记下正文与发函日期，注明原件由沈砚舟持有。,,,笔录纸记录正文；原件仍在沈砚舟手边。,,,否,玩家点击
C14_030,C14_STATEMENT,春和戏院·侧厅笔录桌,第一章·沈砚舟的笔录,2,沈砚舟,NPC台词,抄录登记,沈砚舟：「我带的是抄录。原件还在报馆。」,,letter_preparation=copied,,第一章·沈砚舟的笔录·共同问题,,只执行 v6 已有‘逐字说明并保留原件’的信息效果，不增加警方当晚取得原件。,,抄录与笔录纸同屏，原件不在现场。\n警员把正文与发函日期记入笔录，并注明当晚只核到抄录。,,police_record.letter_mode=copy_recorded; evidence.letter_original.holder=newsroom,是,条件分支；场景动作背景UI
C14_040,C14_STATEMENT,春和戏院·侧厅笔录桌,第一章·沈砚舟的笔录,2,沈砚舟,NPC台词,无纸面口述笔录,沈砚舟：「原件在报馆。我今晚没有带纸面，只向林怀安口述了函件内容。」\n顾承钧：「登记口述内容。明天去报馆核验原件。」,,letter_preparation=left_home,,第一章·沈砚舟的笔录·共同问题,,DEC-20260831-33：警方当晚只登记口述，不取得纸面。,,笔录纸标注‘口述待核’，桌面无函件。,警方只登记了沈砚舟的口述内容，并安排之后去报馆核验原件。,police_record.letter_mode=oral_pending_newsroom_check; police_followup.newsroom_check=planned,是,条件分支；连续剧情逐句点击；主控发言按钮；无纸面
C14_050,C14_STATEMENT,春和戏院·侧厅笔录桌,第一章·沈砚舟的笔录·共同问题,1,顾承钧,NPC台词,亲眼所见,顾承钧：「你最后一次看见林怀安在哪里？」,,始终,,,,回答由 C07/C09 状态生成；不把未观察内容补入笔录。,,笔录分栏：亲眼所见 / 他人说法。,,,是,连续剧情逐句点击；主控发言按钮；条件文本按既有记录收窄
C14_051_audience,C14_STATEMENT,春和戏院·侧厅笔录桌,第一章·沈砚舟的笔录·共同问题,1,沈砚舟,玩家选项,亲眼所见,,谢幕时我看见他自己下台。,c07_position=audience,,第一章·沈砚舟的笔录·第一眼回答,,,,,,police_record.last_seen_basis=audience,是,玩家点击实际台词
C14_051_audience_strong,C14_STATEMENT,春和戏院·侧厅笔录桌,第一章·沈砚舟的笔录·共同问题,1,沈砚舟,玩家选项,亲眼所见,,谢幕时，我看见他自己下台，脚步还稳。,c07_position=audience,,第一章·沈砚舟的笔录·第一眼回答,,,,,,police_record.last_seen_basis=audience,是,玩家点击实际台词
C14_051_side,C14_STATEMENT,春和戏院·侧厅笔录桌,第一章·沈砚舟的笔录·共同问题,1,沈砚舟,玩家选项,亲眼所见,,谢幕时他往侧厅走。,c07_position=side,,第一章·沈砚舟的笔录·第一眼回答,,,,,,police_record.last_seen_basis=side,是,玩家点击实际台词
C14_051_side_strong,C14_STATEMENT,春和戏院·侧厅笔录桌,第一章·沈砚舟的笔录·共同问题,1,沈砚舟,玩家选项,亲眼所见,,谢幕时，他沿侧台通道中央往侧厅走。,c07_position=side,,第一章·沈砚舟的笔录·第一眼回答,,,,,,police_record.last_seen_basis=side,是,玩家点击实际台词
C14_051_front,C14_STATEMENT,春和戏院·侧厅笔录桌,第一章·沈砚舟的笔录·共同问题,1,沈砚舟,玩家选项,亲眼所见,,我当时在前场，没看见他从哪儿退场。,c07_position=front,,第一章·沈砚舟的笔录·第一眼回答,,,,,,police_record.last_seen_basis=front,是,玩家点击实际台词
C14_051_orchestra,C14_STATEMENT,春和戏院·侧厅笔录桌,第一章·沈砚舟的笔录·共同问题,1,沈砚舟,玩家选项,亲眼所见,,我当时在乐池外围，没看见他从哪儿退场。,c07_position=orchestra,,第一章·沈砚舟的笔录·第一眼回答,,,,,,police_record.last_seen_basis=orchestra,是,玩家点击实际台词
C14_052,C14_STATEMENT,春和戏院·侧厅笔录桌,第一章·沈砚舟的笔录·第一眼回答,1,顾承钧,NPC台词,亲眼所见,顾承钧：「赶到以后，第一眼看见什么？」,,始终,,,,,,,,,是,连续剧情；主控发言按钮；场景动作背景UI
C14_053_lin,C14_STATEMENT,春和戏院·侧厅笔录桌,第一章·沈砚舟的笔录·第一眼回答,1,沈砚舟,玩家选项,亲眼所见,,许先生检查过他的脖子。,first_observation=lin,,第一章·天桥分支路由,,,,,,police_record.first_look_basis=lin; police_record.shen_completed=true,是,玩家点击实际台词
C14_053_lin_strong,C14_STATEMENT,春和戏院·侧厅笔录桌,第一章·沈砚舟的笔录·第一眼回答,1,沈砚舟,玩家选项,亲眼所见,,许先生的手指在他颈侧停了一瞬，随后拉回了护领。,first_observation=lin,,第一章·天桥分支路由,,,,,,police_record.first_look_basis=lin; police_record.shen_completed=true,是,玩家点击实际台词
C14_053_position,C14_STATEMENT,春和戏院·侧厅笔录桌,第一章·沈砚舟的笔录·第一眼回答,1,沈砚舟,玩家选项,亲眼所见,,他倒在靠墙的地方。,first_observation=position,,第一章·天桥分支路由,,,,,,police_record.first_look_basis=position; police_record.shen_completed=true,是,玩家点击实际台词
C14_053_position_strong,C14_STATEMENT,春和戏院·侧厅笔录桌,第一章·沈砚舟的笔录·第一眼回答,1,沈砚舟,玩家选项,亲眼所见,,他倒在岔口靠墙的地方。,first_observation=position,,第一章·天桥分支路由,,,,,,police_record.first_look_basis=position; police_record.shen_completed=true,是,玩家点击实际台词
C14_053_people,C14_STATEMENT,春和戏院·侧厅笔录桌,第一章·沈砚舟的笔录·第一眼回答,1,沈砚舟,玩家选项,亲眼所见,,阿成先看玉棠。陈九生随后从侧台另一端赶回来。,first_observation=people,,第一章·天桥分支路由,,,,,,police_record.first_look_basis=people; police_record.shen_completed=true,是,玩家点击实际台词
C15_000,C15_ROUTE,春和戏院·侧厅笔录桌,第一章·天桥分支路由,1,系统,纯跳转,天桥分支,,,pre_police_check=bridge,,第一章·天桥分支,,,,,,,否,无画面跳转
C15_000B,C15_ROUTE,春和戏院·侧厅笔录桌,第一章·天桥分支路由,2,系统,纯跳转,天桥分支,,,pre_police_check!=bridge,,第一章·现场收束,,,,,,,否,无画面跳转
C15_001,C15_BRIDGE_STATEMENT,春和戏院·侧厅笔录区,第一章·天桥分支,1,后台伙计,NPC台词,擅上天桥,「林班主出事后，我看见那个记者从天桥下来。」\n顾承钧：「你上过？」,,始终,,,,只有玩家上过天桥时出现。,,后台伙计指认沈砚舟；顾承钧抬头。\n后台伙计在另一边做笔录,,,是,连续剧情逐句点击；主控发言按钮；末句显示两个回答
C15_010,C15_BRIDGE_STATEMENT,春和戏院·侧厅笔录区,第一章·天桥分支,2,沈砚舟,玩家选项,吊绳异常,,说明吊绳上的异常,始终,police_told_rope=true,第一章·现场收束,沈砚舟只描述绳尾、绕法与新麻毛；顾承钧让警员封住铁梯并记录整排绳索。,,,速记本、铁梯封条和绳排记录。,陈九生负责管理天桥与绳排。,police_scene.rope_secured=true,否,玩家点击
C15_011,C15_BRIDGE_STATEMENT,春和戏院·侧厅笔录区,第一章·天桥分支,2,沈砚舟,玩家选项,吊绳异常,,只承认上过天桥,始终,police_told_rope=false,第一章·现场收束,顾承钧注明沈砚舟曾擅上天桥；警方当晚不记录那根吊绳状态。,,,笔录只写‘曾上天桥’。,,,否,玩家点击
C16_001,C16_WRAP,春和戏院·侧厅笔录区,第一章·现场收束,1,系统,纯画面,等待签字时观察,,,始终,,,警员继续分别询问戏院人员；沈砚舟等待签字。,玩家选择看一个人，只得到一条原始对话。,,玉棠、陈九生、许济川、方仲山分处四侧。,,,否,背景UI无对话框；显示四人观察选项
C16_010,C16_WRAP,春和戏院·侧厅笔录区,第一章·现场收束,2,沈砚舟,一次性观察,现场收束观察,,看玉棠,始终,c16_observation=yutang,第一章·末版还空着,玉棠否认自己想把药盒藏进袖里，回答得很快。她说药是许先生配的，一月一换。,原始对话：玉棠否认自己想把药盒藏进袖里，回答得很快。,,玉棠否认自己想把药盒藏进袖里，回答得很快。她说药是许先生配的，一月一换。,玉棠否认自己想把药盒藏进袖里，回答得很快。她说药是许先生配的，一月一换。,notes += C16_yutang,否,一次性观察；选择后签字离场
C16_011,C16_WRAP,春和戏院·侧厅笔录区,第一章·现场收束,2,沈砚舟,一次性观察,现场收束观察,,看陈九生,始终,c16_observation=chen,第一章·末版还空着,,原始对话：陈九生称谢幕后大半时候在后台，在‘一直？’之后停了一下。,,陈九生称谢幕后大半时候在后台，在‘一直？’之后停了一下。,陈九生称谢幕后大半时候在后台，在‘一直？’之后停了一下。,notes += C16_chen,否,一次性观察；选择后签字离场
C16_012,C16_WRAP,春和戏院·侧厅笔录区,第一章·现场收束,2,沈砚舟,一次性观察,现场收束观察,,看许济川,始终,c16_observation=xu,第一章·末版还空着,许济川只承认林怀安有心疾，强调死因等检验。他说诊断是三年前开的，上月刚复诊。,原始对话：许济川只承认林怀安有心疾，强调死因等检验。,,许济川只承认林怀安有心疾，强调死因等检验。他说诊断是三年前开的，上月刚复诊。,许济川只承认林怀安有心疾，强调死因等检验。他说诊断是三年前开的，上月刚复诊。,notes += C16_xu,否,一次性观察；选择后签字离场
C16_013,C16_WRAP,春和戏院·侧厅笔录区,第一章·现场收束,2,沈砚舟,一次性观察,现场收束观察,,看方仲山,始终,c16_observation=fang,第一章·末版还空着,方仲山交出钥匙、人员名单和演出安排。名单标着谢幕前后各人该在的位置，他没替任何人解释。,原始对话：方仲山交出钥匙、人员名单和演出安排，没有替任何人解释。,,方仲山交出钥匙、人员名单和演出安排。名单标着谢幕前后各人该在的位置，他没替任何人解释。,方仲山交出钥匙、人员名单和演出安排。名单标着谢幕前后各人该在的位置，他没替任何人解释。,notes += C16_fang,否,一次性观察；选择后签字离场
C17_001,C17_NEWSROOM_NIGHT,《雾港日报》编辑部·深夜,第一章·末版还空着,1,版面编辑,NPC台词,写稿准备,版面编辑：「春和那栏还空着。」\n版面编辑：「写不出来，明天换人写。」,,始终,,第一章·第一篇稿,,采访本只展示【原件】与【现场速记】，不替玩家总结。,,写稿桌 UI：原件缩图与玩家实际取得的速记并排；空白稿纸在中间。\n墙钟已经接近十一点，排字房仍亮着灯。\n版面编辑从排字房探出头\n沈砚舟把上午被退回的码头稿压到一边，打开采访本。,末版前仍需完成林怀安死亡报道。,writing_desk_open=true,是,连续剧情逐句点击；主控发言按钮；写稿UI背景
C18_001,C18_WRITING,《雾港日报》·写稿桌,第一章·第一篇稿,1,稿件,写稿,第一篇稿,截至截稿，确切死因尚未公布。,,始终,,,基础段已排好：今夜《夜渡》谢幕后，春和戏院班主林怀安被发现倒于侧台通道；现场医师确认其已身亡；警方已封存随身药盒并开始核对口供。,玩家决定第二段是否提出一项待查疑点，一次只能写一项。,,稿纸显示基础段，右侧列出当前记录能够支持的写法。,,,否,写稿UI；末句显示可支持的稿件选择
C18_010,C18_WRITING,《雾港日报》·写稿桌,第一章·第一篇稿,2,沈砚舟,稿件选择,报道口径,,只报道已经确认的事实,始终,report_focus=confirmed,第一章·是否写入赵敬文,,,,第二段：林怀安生前有心疾旧患；是否与死亡有关仍待检验。,,,否,玩家点击写入稿纸
C18_011,C18_WRITING,《雾港日报》·写稿桌,第一章·第一篇稿,2,沈砚舟,稿件选择,提出一项现场疑点,,倒地位置与离场路线对不上,c07_position=side or pre_police_check=path,report_focus=location,第一章·是否写入赵敬文,,只能由玩家实际记录支持；措辞保持待查。,,本报记者在场所见，林怀安最后的行走方向与其被发现的位置并不完全相合。该位置差异是否与死亡经过有关，仍待警方查明。,稿件只把已选疑点写成待查问题。,published_claim_basis=location,否,玩家点击写入稿纸
C18_011B,C18_WRITING,《雾港日报》·写稿桌,第一章·第一篇稿,2,沈砚舟,稿件选择,提出一项现场疑点,,场务说他从台侧下的，人却不在侧厅,c07_position!=side and pre_police_check!=path,report_focus=location_weak,第一章·是否写入赵敬文,,,,场务称林怀安从台侧下台，侧厅未见其人。两处是否相接，尚待查明。,稿件只把已选疑点写成待查问题。,published_claim_basis=location_weak; report_focus=location,否,玩家点击写入稿纸
C18_012,C18_WRITING,《雾港日报》·写稿桌,第一章·第一篇稿,2,沈砚舟,稿件选择,提出一项现场疑点,,死者女儿曾试图带走药盒,始终,report_focus=medicine,第一章·是否写入赵敬文,,只能由玩家实际记录支持；措辞保持待查。,,林玉棠曾从死者衣内取出随身药盒，并拒绝立即交给现场医师；该药盒目前已由警方封存。,稿件只把已选疑点写成待查问题。,published_claim_basis=medicine,否,玩家点击写入稿纸
C18_013,C18_WRITING,《雾港日报》·写稿桌,第一章·第一篇稿,2,沈砚舟,稿件选择,提出一项现场疑点,,天桥吊绳有近期变动痕迹,pre_police_check=bridge,report_focus=rope,第一章·是否写入赵敬文,,只能由玩家实际记录支持；措辞保持待查。,,本报记者在春和天桥看见，一根吊景绳的绳尾长度与相邻绳索不同，横杆处另有较新的麻毛。该变化形成于何时、是否与死者有关，目前尚无结论。,稿件只把已选疑点写成待查问题。,published_claim_basis=rope,否,玩家点击写入稿纸
C18_014,C18_WRITING,《雾港日报》·写稿桌,第一章·第一篇稿,2,沈砚舟,稿件选择,提出一项现场疑点,,后台人员在关键时段离开岗位,c06_position=front or c07_position=front or c07_position=orchestra,report_focus=absence,第一章·是否写入赵敬文,,只能由玩家实际记录支持；措辞保持待查。,,演出后段至谢幕期间，现场有负责前场或后台事务的人员离开原本位置；其间行踪尚待核对。,稿件只把已选疑点写成待查问题。,published_claim_basis=absence,否,玩家点击写入稿纸
C19_001,C19_REPORT_LINK,《雾港日报》·写稿桌,第一章·是否写入赵敬文,1,编辑,NPC台词,编辑判断,编辑：「女儿抢药盒？那是花边。」,,report_focus=medicine,,,,DEC-20260922-CH1-PLAYABILITY：药盒判断由编辑当面说出，作为写稿选择后的即时反馈。,,,,,是,连续剧情逐句点击；末句显示两个写稿选项
C19_010,C19_ZHAO_LINK,《雾港日报》·写稿桌,第一章·是否写入赵敬文,1,沈砚舟,稿件选择,是否公开关联,,写入两件事的联系,始终,report_link=true,第一章·交稿,,,,末段写入：赵敬文被警方认定失足落水身亡，死前曾申请重访春和旧事；两事是否有关尚无官方结论。,,,否,玩家点击写入稿纸
C19_011,C19_ZHAO_LINK,《雾港日报》·写稿桌,第一章·是否写入赵敬文,1,沈砚舟,稿件选择,是否公开关联,,暂不写入,始终,report_link=false,第一章·交稿,,,,报道只涉及林怀安当晚死亡与现场情况。,,,否,玩家点击写入稿纸
C20_001,C20_SUBMIT,《雾港日报》·排字房门口,第一章·交稿,1,沈砚舟,玩家单一点击,交稿,,交稿,始终,report_submitted=true,第一章·次日见报,版面编辑接过稿纸直接交给排字工，铅字落进版框。,,,只有稿纸、排字框与一个交稿按钮。,,,否,单一按钮；点击后进入见报
C21_001,C21_NEWSPAPER,次日清晨·报纸版面,第一章·次日见报,1,报纸,纯画面,实际见报,,,report_focus=confirmed,,第一章·第一章结尾,春和众人防备较低；报馆认为这是一篇稳妥但普通的本埠消息。,只显示玩家实际写出的版面结果。,,春和班主演后身亡\n警方尚未公布死因,,published_focus=confirmed,否,报纸UI；背景UI无对话框
C21_002,C21_NEWSPAPER,次日清晨·报纸版面,第一章·次日见报,1,报纸,纯画面,实际见报,,,report_focus=location,,第一章·第一章结尾,顾承钧第二天会进一步复核侧台路径。,只显示玩家实际写出的版面结果。,,春和班主倒毙侧台\n离场路线存疑,,published_focus=location,否,报纸UI；背景UI无对话框
C21_003,C21_NEWSPAPER,次日清晨·报纸版面,第一章·次日见报,1,报纸,纯画面,实际见报,,,report_focus=medicine,,第一章·第一章结尾,其他记者在春和门外追问玉棠。,只显示玩家实际写出的版面结果。,,死者随身药盒已被封存\n现场曾发生争执,,published_focus=medicine,否,报纸UI；背景UI无对话框
C21_004A,C21_NEWSPAPER,次日清晨·报纸版面,第一章·次日见报,1,报纸,纯画面,实际见报,,,report_focus=rope and police_told_rope=true,,第一章·第一章结尾,春和对外只说仍在配合警方。,只显示玩家实际写出的版面结果。,,春和天桥吊绳状态存疑\n铁梯与绳排当晚封存。警方记录了整排收束状态。,,published_focus=rope; evidence.rope_verifiable=true; chapter1_aftermath.rope=secured,否,报纸UI；背景UI无对话框
C21_004B,C21_NEWSPAPER,次日清晨·报纸版面,第一章·次日见报,1,报纸,纯画面,实际见报,,,report_focus=rope and police_told_rope=false,,第一章·第一章结尾,戏院场务不再允许报馆的人单独接近绳排。,只显示玩家实际写出的版面结果。,,春和天桥吊绳状态存疑\n次日再去春和，那根绳的收束位置已经改变，现场无法按昨晚所见原样核对。,,published_focus=rope; evidence.rope_verifiable=false; chapter1_aftermath.rope=lost,否,报纸UI；背景UI无对话框
C21_005,C21_NEWSPAPER,次日清晨·报纸版面,第一章·次日见报,1,报纸,纯画面,实际见报,,,report_focus=absence,,第一章·第一章结尾,被点名者会提前整理自己的时间说法。,只显示玩家实际写出的版面结果。,,春和演出后段人员离岗\n行踪尚待核对,,published_focus=absence,否,报纸UI；背景UI无对话框
C21_010,C21_NEWSPAPER,次日清晨·报纸版面,第一章·次日见报,2,报纸,纯画面,赵敬文公开关联,,,report_link=true,,第一章·第一章结尾,其他报馆迅速赶到春和；方仲山从报纸中确切知道沈砚舟已掌握哪些材料。,,,赵敬文死前重访春和，是否牵出二十年前的旧事？,,zhao_link_public=true,否,报纸UI；背景UI无对话框
C22_001,C22_END,《雾港日报》·赵敬文旧桌,第一章·第一章结尾,1,系统,纯画面,第一章结束,,,始终,,第一章·第一章结尾·编辑,沈砚舟把当天报纸放到赵敬文旧桌上，压住二十年前白素秋的旧报；新报与旧报标题并排。,第一章在两篇报道并置处结束，不进入尚未正式迁移的第二章。,,两张报纸并排；第一章｜夜渡 完。,,chapter1_complete=true,否,背景UI无对话框；玩家点击结束本章
C22_010,C22_END,《雾港日报》·赵敬文旧桌,第一章·第一章结尾·编辑,1,编辑,NPC台词,这条线,编辑：「稳。春和明天换人写也成。」,,report_focus=confirmed,,第一章·第一章结尾·名单,,,,编辑把报纸甩在桌上,,,是,连续剧情逐句点击；主控发言按钮
C22_011,C22_END,《雾港日报》·赵敬文旧桌,第一章·第一章结尾·编辑,1,编辑,NPC台词,这条线,编辑：「这栏出去了。明天别的馆也会去春和。」,,report_focus!=confirmed,,第一章·第一章结尾·名单,,,,编辑把报纸甩在桌上,,,是,连续剧情逐句点击；主控发言按钮
C22_020,C22_END,《雾港日报》·赵敬文旧桌,第一章·第一章结尾·名单,1,伙计,NPC台词,名单,伙计：「方先生说，谢幕前后的站位，报馆要用可以来抄。」,,始终,,,,4.6：给真材料，只控制顺序。不点明操控。,,一个伙计把一只信封放到旧桌上。,,,是,连续剧情逐句点击；主控发言按钮；末句显示两个回答
C22_021,C22_END,《雾港日报》·赵敬文旧桌,第一章·第一章结尾·名单,2,沈砚舟,玩家选项,名单,,留下。明天去抄。,始终,fang_roster_offer=accepted,第一章·第一章结尾·收束,,,,,,fang_roster_offer=accepted,否,玩家点击
C22_022,C22_END,《雾港日报》·赵敬文旧桌,第一章·第一章结尾·名单,2,沈砚舟,玩家选项,名单,,先放着。,始终,fang_roster_offer=ignored,第一章·第一章结尾·收束,,,,,,fang_roster_offer=ignored,否,玩家点击
C22_030,C22_END,《雾港日报》·赵敬文旧桌,第一章·第一章结尾·收束,1,系统,结局,第一章结束,,,始终,,,新报压住二十年前白素秋的旧报。信封还在桌上。,,,两张报纸并排；一只未拆的信封。第一章｜夜渡 完。,,chapter1_complete=true,否,背景UI无对话框；玩家点击结束本章
C22_002,C22_END,《雾港日报》·赵敬文旧桌,第一章·第一章结尾,2,系统,纯画面,见报之后,,,chapter1_aftermath.rope=secured,,第一章·第一章结尾·编辑,,DEC-20260922-BRANCHING-UNFREEZE 章末结账样板。,,这一篇见报之后：顾承钧依先前记录继续封存绳排；春和对外只说仍在配合警方。,,,否,背景UI无对话框
C22_003,C22_END,《雾港日报》·赵敬文旧桌,第一章·第一章结尾,2,系统,纯画面,见报之后,,,chapter1_aftermath.rope=lost,,第一章·第一章结尾·编辑,,DEC-20260922-BRANCHING-UNFREEZE 章末结账样板。,,这一篇见报之后：春和天桥昨日那排绳已不再保持昨晚的收束；报馆的人进后台会被场务拦在绳排之外。,,,否,背景UI无对话框
